N;b;d;μ;ρ;dim;id;path;result
10000;1.0;0.0;0.2;Inf;2;1183;C:/Users/Arman Angaji/OneDrive - Universität zu Köln/Dokumente/Uni-Köln/Masterarbeit/Workspace/Julia_Master/MasterProject_Julia/simulated_tumors/2d/bulk\tumor_N10000_b1.0_d0.0_μ0.2_ρInf_2d_id1183.csv;0.018518518518518517
10000;1.0;0.0;0.2;Inf;2;2547;C:/Users/Arman Angaji/OneDrive - Universität zu Köln/Dokumente/Uni-Köln/Masterarbeit/Workspace/Julia_Master/MasterProject_Julia/simulated_tumors/2d/bulk\tumor_N10000_b1.0_d0.0_μ0.2_ρInf_2d_id2547.csv;0.0
10000;1.0;0.0;0.2;Inf;2;2833;C:/Users/Arman Angaji/OneDrive - Universität zu Köln/Dokumente/Uni-Köln/Masterarbeit/Workspace/Julia_Master/MasterProject_Julia/simulated_tumors/2d/bulk\tumor_N10000_b1.0_d0.0_μ0.2_ρInf_2d_id2833.csv;0.02040816326530612
10000;1.0;0.0;0.2;Inf;2;3073;C:/Users/Arman Angaji/OneDrive - Universität zu Köln/Dokumente/Uni-Köln/Masterarbeit/Workspace/Julia_Master/MasterProject_Julia/simulated_tumors/2d/bulk\tumor_N10000_b1.0_d0.0_μ0.2_ρInf_2d_id3073.csv;0.02702702702702703
10000;1.0;0.0;0.2;Inf;2;3209;C:/Users/Arman Angaji/OneDrive - Universität zu Köln/Dokumente/Uni-Köln/Masterarbeit/Workspace/Julia_Master/MasterProject_Julia/simulated_tumors/2d/bulk\tumor_N10000_b1.0_d0.0_μ0.2_ρInf_2d_id3209.csv;0.0
10000;1.0;0.0;0.2;Inf;2;3514;C:/Users/Arman Angaji/OneDrive - Universität zu Köln/Dokumente/Uni-Köln/Masterarbeit/Workspace/Julia_Master/MasterProject_Julia/simulated_tumors/2d/bulk\tumor_N10000_b1.0_d0.0_μ0.2_ρInf_2d_id3514.csv;0.0
10000;1.0;0.0;0.2;Inf;2;4955;C:/Users/Arman Angaji/OneDrive - Universität zu Köln/Dokumente/Uni-Köln/Masterarbeit/Workspace/Julia_Master/MasterProject_Julia/simulated_tumors/2d/bulk\tumor_N10000_b1.0_d0.0_μ0.2_ρInf_2d_id4955.csv;0.0
10000;1.0;0.0;0.2;Inf;2;8454;C:/Users/Arman Angaji/OneDrive - Universität zu Köln/Dokumente/Uni-Köln/Masterarbeit/Workspace/Julia_Master/MasterProject_Julia/simulated_tumors/2d/bulk\tumor_N10000_b1.0_d0.0_μ0.2_ρInf_2d_id8454.csv;0.0
10000;1.0;0.0;0.2;Inf;2;8601;C:/Users/Arman Angaji/OneDrive - Universität zu Köln/Dokumente/Uni-Köln/Masterarbeit/Workspace/Julia_Master/MasterProject_Julia/simulated_tumors/2d/bulk\tumor_N10000_b1.0_d0.0_μ0.2_ρInf_2d_id8601.csv;0.018518518518518517
10000;1.0;0.0;0.2;Inf;2;9462;C:/Users/Arman Angaji/OneDrive - Universität zu Köln/Dokumente/Uni-Köln/Masterarbeit/Workspace/Julia_Master/MasterProject_Julia/simulated_tumors/2d/bulk\tumor_N10000_b1.0_d0.0_μ0.2_ρInf_2d_id9462.csv;0.0
10000;1.0;0.1;0.2;Inf;2;1647;C:/Users/Arman Angaji/OneDrive - Universität zu Köln/Dokumente/Uni-Köln/Masterarbeit/Workspace/Julia_Master/MasterProject_Julia/simulated_tumors/2d/bulk\tumor_N10000_b1.0_d0.1_μ0.2_ρInf_2d_id1647.csv;0.04
10000;1.0;0.1;0.2;Inf;2;1692;C:/Users/Arman Angaji/OneDrive - Universität zu Köln/Dokumente/Uni-Köln/Masterarbeit/Workspace/Julia_Master/MasterProject_Julia/simulated_tumors/2d/bulk\tumor_N10000_b1.0_d0.1_μ0.2_ρInf_2d_id1692.csv;0.025423728813559324
10000;1.0;0.1;0.2;Inf;2;2681;C:/Users/Arman Angaji/OneDrive - Universität zu Köln/Dokumente/Uni-Köln/Masterarbeit/Workspace/Julia_Master/MasterProject_Julia/simulated_tumors/2d/bulk\tumor_N10000_b1.0_d0.1_μ0.2_ρInf_2d_id2681.csv;0.0
10000;1.0;0.1;0.2;Inf;2;3836;C:/Users/Arman Angaji/OneDrive - Universität zu Köln/Dokumente/Uni-Köln/Masterarbeit/Workspace/Julia_Master/MasterProject_Julia/simulated_tumors/2d/bulk\tumor_N10000_b1.0_d0.1_μ0.2_ρInf_2d_id3836.csv;0.06
10000;1.0;0.1;0.2;Inf;2;5062;C:/Users/Arman Angaji/OneDrive - Universität zu Köln/Dokumente/Uni-Köln/Masterarbeit/Workspace/Julia_Master/MasterProject_Julia/simulated_tumors/2d/bulk\tumor_N10000_b1.0_d0.1_μ0.2_ρInf_2d_id5062.csv;0.04477611940298507
10000;1.0;0.1;0.2;Inf;2;5591;C:/Users/Arman Angaji/OneDrive - Universität zu Köln/Dokumente/Uni-Köln/Masterarbeit/Workspace/Julia_Master/MasterProject_Julia/simulated_tumors/2d/bulk\tumor_N10000_b1.0_d0.1_μ0.2_ρInf_2d_id5591.csv;0.04054054054054054
10000;1.0;0.1;0.2;Inf;2;7122;C:/Users/Arman Angaji/OneDrive - Universität zu Köln/Dokumente/Uni-Köln/Masterarbeit/Workspace/Julia_Master/MasterProject_Julia/simulated_tumors/2d/bulk\tumor_N10000_b1.0_d0.1_μ0.2_ρInf_2d_id7122.csv;0.05504587155963303
10000;1.0;0.1;0.2;Inf;2;8672;C:/Users/Arman Angaji/OneDrive - Universität zu Köln/Dokumente/Uni-Köln/Masterarbeit/Workspace/Julia_Master/MasterProject_Julia/simulated_tumors/2d/bulk\tumor_N10000_b1.0_d0.1_μ0.2_ρInf_2d_id8672.csv;0.02666666666666667
10000;1.0;0.1;0.2;Inf;2;8955;C:/Users/Arman Angaji/OneDrive - Universität zu Köln/Dokumente/Uni-Köln/Masterarbeit/Workspace/Julia_Master/MasterProject_Julia/simulated_tumors/2d/bulk\tumor_N10000_b1.0_d0.1_μ0.2_ρInf_2d_id8955.csv;0.0273972602739726
10000;1.0;0.1;0.2;Inf;2;9266;C:/Users/Arman Angaji/OneDrive - Universität zu Köln/Dokumente/Uni-Köln/Masterarbeit/Workspace/Julia_Master/MasterProject_Julia/simulated_tumors/2d/bulk\tumor_N10000_b1.0_d0.1_μ0.2_ρInf_2d_id9266.csv;0.125
10000;1.0;0.2;0.2;Inf;2;1442;C:/Users/Arman Angaji/OneDrive - Universität zu Köln/Dokumente/Uni-Köln/Masterarbeit/Workspace/Julia_Master/MasterProject_Julia/simulated_tumors/2d/bulk\tumor_N10000_b1.0_d0.2_μ0.2_ρInf_2d_id1442.csv;0.06666666666666667
10000;1.0;0.2;0.2;Inf;2;1870;C:/Users/Arman Angaji/OneDrive - Universität zu Köln/Dokumente/Uni-Köln/Masterarbeit/Workspace/Julia_Master/MasterProject_Julia/simulated_tumors/2d/bulk\tumor_N10000_b1.0_d0.2_μ0.2_ρInf_2d_id1870.csv;0.08064516129032258
10000;1.0;0.2;0.2;Inf;2;3042;C:/Users/Arman Angaji/OneDrive - Universität zu Köln/Dokumente/Uni-Köln/Masterarbeit/Workspace/Julia_Master/MasterProject_Julia/simulated_tumors/2d/bulk\tumor_N10000_b1.0_d0.2_μ0.2_ρInf_2d_id3042.csv;0.06521739130434782
10000;1.0;0.2;0.2;Inf;2;3305;C:/Users/Arman Angaji/OneDrive - Universität zu Köln/Dokumente/Uni-Köln/Masterarbeit/Workspace/Julia_Master/MasterProject_Julia/simulated_tumors/2d/bulk\tumor_N10000_b1.0_d0.2_μ0.2_ρInf_2d_id3305.csv;0.0380952380952381
10000;1.0;0.2;0.2;Inf;2;3648;C:/Users/Arman Angaji/OneDrive - Universität zu Köln/Dokumente/Uni-Köln/Masterarbeit/Workspace/Julia_Master/MasterProject_Julia/simulated_tumors/2d/bulk\tumor_N10000_b1.0_d0.2_μ0.2_ρInf_2d_id3648.csv;0.13559322033898305
10000;1.0;0.2;0.2;Inf;2;5931;C:/Users/Arman Angaji/OneDrive - Universität zu Köln/Dokumente/Uni-Köln/Masterarbeit/Workspace/Julia_Master/MasterProject_Julia/simulated_tumors/2d/bulk\tumor_N10000_b1.0_d0.2_μ0.2_ρInf_2d_id5931.csv;0.0603448275862069
10000;1.0;0.2;0.2;Inf;2;7539;C:/Users/Arman Angaji/OneDrive - Universität zu Köln/Dokumente/Uni-Köln/Masterarbeit/Workspace/Julia_Master/MasterProject_Julia/simulated_tumors/2d/bulk\tumor_N10000_b1.0_d0.2_μ0.2_ρInf_2d_id7539.csv;0.042105263157894736
10000;1.0;0.2;0.2;Inf;2;7709;C:/Users/Arman Angaji/OneDrive - Universität zu Köln/Dokumente/Uni-Köln/Masterarbeit/Workspace/Julia_Master/MasterProject_Julia/simulated_tumors/2d/bulk\tumor_N10000_b1.0_d0.2_μ0.2_ρInf_2d_id7709.csv;0.08860759493670886
10000;1.0;0.2;0.2;Inf;2;9557;C:/Users/Arman Angaji/OneDrive - Universität zu Köln/Dokumente/Uni-Köln/Masterarbeit/Workspace/Julia_Master/MasterProject_Julia/simulated_tumors/2d/bulk\tumor_N10000_b1.0_d0.2_μ0.2_ρInf_2d_id9557.csv;0.06060606060606061
10000;1.0;0.2;0.2;Inf;2;9977;C:/Users/Arman Angaji/OneDrive - Universität zu Köln/Dokumente/Uni-Köln/Masterarbeit/Workspace/Julia_Master/MasterProject_Julia/simulated_tumors/2d/bulk\tumor_N10000_b1.0_d0.2_μ0.2_ρInf_2d_id9977.csv;0.07894736842105263
10000;1.0;0.3;0.2;Inf;2;1052;C:/Users/Arman Angaji/OneDrive - Universität zu Köln/Dokumente/Uni-Köln/Masterarbeit/Workspace/Julia_Master/MasterProject_Julia/simulated_tumors/2d/bulk\tumor_N10000_b1.0_d0.3_μ0.2_ρInf_2d_id1052.csv;0.08695652173913043
10000;1.0;0.3;0.2;Inf;2;1746;C:/Users/Arman Angaji/OneDrive - Universität zu Köln/Dokumente/Uni-Köln/Masterarbeit/Workspace/Julia_Master/MasterProject_Julia/simulated_tumors/2d/bulk\tumor_N10000_b1.0_d0.3_μ0.2_ρInf_2d_id1746.csv;0.08333333333333333
10000;1.0;0.3;0.2;Inf;2;2271;C:/Users/Arman Angaji/OneDrive - Universität zu Köln/Dokumente/Uni-Köln/Masterarbeit/Workspace/Julia_Master/MasterProject_Julia/simulated_tumors/2d/bulk\tumor_N10000_b1.0_d0.3_μ0.2_ρInf_2d_id2271.csv;0.12
10000;1.0;0.3;0.2;Inf;2;4463;C:/Users/Arman Angaji/OneDrive - Universität zu Köln/Dokumente/Uni-Köln/Masterarbeit/Workspace/Julia_Master/MasterProject_Julia/simulated_tumors/2d/bulk\tumor_N10000_b1.0_d0.3_μ0.2_ρInf_2d_id4463.csv;0.0547945205479452
10000;1.0;0.3;0.2;Inf;2;6791;C:/Users/Arman Angaji/OneDrive - Universität zu Köln/Dokumente/Uni-Köln/Masterarbeit/Workspace/Julia_Master/MasterProject_Julia/simulated_tumors/2d/bulk\tumor_N10000_b1.0_d0.3_μ0.2_ρInf_2d_id6791.csv;0.07865168539325842
10000;1.0;0.3;0.2;Inf;2;7216;C:/Users/Arman Angaji/OneDrive - Universität zu Köln/Dokumente/Uni-Köln/Masterarbeit/Workspace/Julia_Master/MasterProject_Julia/simulated_tumors/2d/bulk\tumor_N10000_b1.0_d0.3_μ0.2_ρInf_2d_id7216.csv;0.1
10000;1.0;0.3;0.2;Inf;2;7552;C:/Users/Arman Angaji/OneDrive - Universität zu Köln/Dokumente/Uni-Köln/Masterarbeit/Workspace/Julia_Master/MasterProject_Julia/simulated_tumors/2d/bulk\tumor_N10000_b1.0_d0.3_μ0.2_ρInf_2d_id7552.csv;0.06504065040650407
10000;1.0;0.3;0.2;Inf;2;8336;C:/Users/Arman Angaji/OneDrive - Universität zu Köln/Dokumente/Uni-Köln/Masterarbeit/Workspace/Julia_Master/MasterProject_Julia/simulated_tumors/2d/bulk\tumor_N10000_b1.0_d0.3_μ0.2_ρInf_2d_id8336.csv;0.14705882352941177
10000;1.0;0.3;0.2;Inf;2;8653;C:/Users/Arman Angaji/OneDrive - Universität zu Köln/Dokumente/Uni-Köln/Masterarbeit/Workspace/Julia_Master/MasterProject_Julia/simulated_tumors/2d/bulk\tumor_N10000_b1.0_d0.3_μ0.2_ρInf_2d_id8653.csv;0.0891089108910891
10000;1.0;0.3;0.2;Inf;2;9967;C:/Users/Arman Angaji/OneDrive - Universität zu Köln/Dokumente/Uni-Köln/Masterarbeit/Workspace/Julia_Master/MasterProject_Julia/simulated_tumors/2d/bulk\tumor_N10000_b1.0_d0.3_μ0.2_ρInf_2d_id9967.csv;0.06930693069306931
10000;1.0;0.4;0.2;Inf;2;1048;C:/Users/Arman Angaji/OneDrive - Universität zu Köln/Dokumente/Uni-Köln/Masterarbeit/Workspace/Julia_Master/MasterProject_Julia/simulated_tumors/2d/bulk\tumor_N10000_b1.0_d0.4_μ0.2_ρInf_2d_id1048.csv;0.10884353741496598
10000;1.0;0.4;0.2;Inf;2;2483;C:/Users/Arman Angaji/OneDrive - Universität zu Köln/Dokumente/Uni-Köln/Masterarbeit/Workspace/Julia_Master/MasterProject_Julia/simulated_tumors/2d/bulk\tumor_N10000_b1.0_d0.4_μ0.2_ρInf_2d_id2483.csv;0.10526315789473684
10000;1.0;0.4;0.2;Inf;2;2538;C:/Users/Arman Angaji/OneDrive - Universität zu Köln/Dokumente/Uni-Köln/Masterarbeit/Workspace/Julia_Master/MasterProject_Julia/simulated_tumors/2d/bulk\tumor_N10000_b1.0_d0.4_μ0.2_ρInf_2d_id2538.csv;0.06622516556291391
10000;1.0;0.4;0.2;Inf;2;3649;C:/Users/Arman Angaji/OneDrive - Universität zu Köln/Dokumente/Uni-Köln/Masterarbeit/Workspace/Julia_Master/MasterProject_Julia/simulated_tumors/2d/bulk\tumor_N10000_b1.0_d0.4_μ0.2_ρInf_2d_id3649.csv;0.15625
10000;1.0;0.4;0.2;Inf;2;4394;C:/Users/Arman Angaji/OneDrive - Universität zu Köln/Dokumente/Uni-Köln/Masterarbeit/Workspace/Julia_Master/MasterProject_Julia/simulated_tumors/2d/bulk\tumor_N10000_b1.0_d0.4_μ0.2_ρInf_2d_id4394.csv;0.11023622047244094
10000;1.0;0.4;0.2;Inf;2;4681;C:/Users/Arman Angaji/OneDrive - Universität zu Köln/Dokumente/Uni-Köln/Masterarbeit/Workspace/Julia_Master/MasterProject_Julia/simulated_tumors/2d/bulk\tumor_N10000_b1.0_d0.4_μ0.2_ρInf_2d_id4681.csv;0.07042253521126761
10000;1.0;0.4;0.2;Inf;2;7414;C:/Users/Arman Angaji/OneDrive - Universität zu Köln/Dokumente/Uni-Köln/Masterarbeit/Workspace/Julia_Master/MasterProject_Julia/simulated_tumors/2d/bulk\tumor_N10000_b1.0_d0.4_μ0.2_ρInf_2d_id7414.csv;0.12264150943396226
10000;1.0;0.4;0.2;Inf;2;7998;C:/Users/Arman Angaji/OneDrive - Universität zu Köln/Dokumente/Uni-Köln/Masterarbeit/Workspace/Julia_Master/MasterProject_Julia/simulated_tumors/2d/bulk\tumor_N10000_b1.0_d0.4_μ0.2_ρInf_2d_id7998.csv;0.11029411764705882
10000;1.0;0.4;0.2;Inf;2;8694;C:/Users/Arman Angaji/OneDrive - Universität zu Köln/Dokumente/Uni-Köln/Masterarbeit/Workspace/Julia_Master/MasterProject_Julia/simulated_tumors/2d/bulk\tumor_N10000_b1.0_d0.4_μ0.2_ρInf_2d_id8694.csv;0.18110236220472442
10000;1.0;0.4;0.2;Inf;2;9506;C:/Users/Arman Angaji/OneDrive - Universität zu Köln/Dokumente/Uni-Köln/Masterarbeit/Workspace/Julia_Master/MasterProject_Julia/simulated_tumors/2d/bulk\tumor_N10000_b1.0_d0.4_μ0.2_ρInf_2d_id9506.csv;0.11214953271028037
10000;1.0;0.5;0.2;Inf;2;1954;C:/Users/Arman Angaji/OneDrive - Universität zu Köln/Dokumente/Uni-Köln/Masterarbeit/Workspace/Julia_Master/MasterProject_Julia/simulated_tumors/2d/bulk\tumor_N10000_b1.0_d0.5_μ0.2_ρInf_2d_id1954.csv;0.1984732824427481
10000;1.0;0.5;0.2;Inf;2;2100;C:/Users/Arman Angaji/OneDrive - Universität zu Köln/Dokumente/Uni-Köln/Masterarbeit/Workspace/Julia_Master/MasterProject_Julia/simulated_tumors/2d/bulk\tumor_N10000_b1.0_d0.5_μ0.2_ρInf_2d_id2100.csv;0.1377245508982036
10000;1.0;0.5;0.2;Inf;2;2779;C:/Users/Arman Angaji/OneDrive - Universität zu Köln/Dokumente/Uni-Köln/Masterarbeit/Workspace/Julia_Master/MasterProject_Julia/simulated_tumors/2d/bulk\tumor_N10000_b1.0_d0.5_μ0.2_ρInf_2d_id2779.csv;0.13013698630136986
10000;1.0;0.5;0.2;Inf;2;4006;C:/Users/Arman Angaji/OneDrive - Universität zu Köln/Dokumente/Uni-Köln/Masterarbeit/Workspace/Julia_Master/MasterProject_Julia/simulated_tumors/2d/bulk\tumor_N10000_b1.0_d0.5_μ0.2_ρInf_2d_id4006.csv;0.17647058823529413
10000;1.0;0.5;0.2;Inf;2;5467;C:/Users/Arman Angaji/OneDrive - Universität zu Köln/Dokumente/Uni-Köln/Masterarbeit/Workspace/Julia_Master/MasterProject_Julia/simulated_tumors/2d/bulk\tumor_N10000_b1.0_d0.5_μ0.2_ρInf_2d_id5467.csv;0.22058823529411764
10000;1.0;0.5;0.2;Inf;2;6426;C:/Users/Arman Angaji/OneDrive - Universität zu Köln/Dokumente/Uni-Köln/Masterarbeit/Workspace/Julia_Master/MasterProject_Julia/simulated_tumors/2d/bulk\tumor_N10000_b1.0_d0.5_μ0.2_ρInf_2d_id6426.csv;0.18253968253968253
10000;1.0;0.5;0.2;Inf;2;6854;C:/Users/Arman Angaji/OneDrive - Universität zu Köln/Dokumente/Uni-Köln/Masterarbeit/Workspace/Julia_Master/MasterProject_Julia/simulated_tumors/2d/bulk\tumor_N10000_b1.0_d0.5_μ0.2_ρInf_2d_id6854.csv;0.13855421686746988
10000;1.0;0.5;0.2;Inf;2;8098;C:/Users/Arman Angaji/OneDrive - Universität zu Köln/Dokumente/Uni-Köln/Masterarbeit/Workspace/Julia_Master/MasterProject_Julia/simulated_tumors/2d/bulk\tumor_N10000_b1.0_d0.5_μ0.2_ρInf_2d_id8098.csv;0.10759493670886076
10000;1.0;0.5;0.2;Inf;2;8212;C:/Users/Arman Angaji/OneDrive - Universität zu Köln/Dokumente/Uni-Köln/Masterarbeit/Workspace/Julia_Master/MasterProject_Julia/simulated_tumors/2d/bulk\tumor_N10000_b1.0_d0.5_μ0.2_ρInf_2d_id8212.csv;0.18238993710691823
10000;1.0;0.5;0.2;Inf;2;9383;C:/Users/Arman Angaji/OneDrive - Universität zu Köln/Dokumente/Uni-Köln/Masterarbeit/Workspace/Julia_Master/MasterProject_Julia/simulated_tumors/2d/bulk\tumor_N10000_b1.0_d0.5_μ0.2_ρInf_2d_id9383.csv;0.2119205298013245
10000;1.0;0.65;0.2;Inf;2;1381;C:/Users/Arman Angaji/OneDrive - Universität zu Köln/Dokumente/Uni-Köln/Masterarbeit/Workspace/Julia_Master/MasterProject_Julia/simulated_tumors/2d/bulk\tumor_N10000_b1.0_d0.65_μ0.2_ρInf_2d_id1381.csv;0.23394495412844038
10000;1.0;0.65;0.2;Inf;2;2406;C:/Users/Arman Angaji/OneDrive - Universität zu Köln/Dokumente/Uni-Köln/Masterarbeit/Workspace/Julia_Master/MasterProject_Julia/simulated_tumors/2d/bulk\tumor_N10000_b1.0_d0.65_μ0.2_ρInf_2d_id2406.csv;0.21243523316062177
10000;1.0;0.65;0.2;Inf;2;2960;C:/Users/Arman Angaji/OneDrive - Universität zu Köln/Dokumente/Uni-Köln/Masterarbeit/Workspace/Julia_Master/MasterProject_Julia/simulated_tumors/2d/bulk\tumor_N10000_b1.0_d0.65_μ0.2_ρInf_2d_id2960.csv;0.2562814070351759
10000;1.0;0.65;0.2;Inf;2;3353;C:/Users/Arman Angaji/OneDrive - Universität zu Köln/Dokumente/Uni-Köln/Masterarbeit/Workspace/Julia_Master/MasterProject_Julia/simulated_tumors/2d/bulk\tumor_N10000_b1.0_d0.65_μ0.2_ρInf_2d_id3353.csv;0.25
10000;1.0;0.65;0.2;Inf;2;3617;C:/Users/Arman Angaji/OneDrive - Universität zu Köln/Dokumente/Uni-Köln/Masterarbeit/Workspace/Julia_Master/MasterProject_Julia/simulated_tumors/2d/bulk\tumor_N10000_b1.0_d0.65_μ0.2_ρInf_2d_id3617.csv;0.22395833333333334
10000;1.0;0.65;0.2;Inf;2;4021;C:/Users/Arman Angaji/OneDrive - Universität zu Köln/Dokumente/Uni-Köln/Masterarbeit/Workspace/Julia_Master/MasterProject_Julia/simulated_tumors/2d/bulk\tumor_N10000_b1.0_d0.65_μ0.2_ρInf_2d_id4021.csv;0.28717948717948716
10000;1.0;0.65;0.2;Inf;2;4890;C:/Users/Arman Angaji/OneDrive - Universität zu Köln/Dokumente/Uni-Köln/Masterarbeit/Workspace/Julia_Master/MasterProject_Julia/simulated_tumors/2d/bulk\tumor_N10000_b1.0_d0.65_μ0.2_ρInf_2d_id4890.csv;0.22279792746113988
10000;1.0;0.65;0.2;Inf;2;5357;C:/Users/Arman Angaji/OneDrive - Universität zu Köln/Dokumente/Uni-Köln/Masterarbeit/Workspace/Julia_Master/MasterProject_Julia/simulated_tumors/2d/bulk\tumor_N10000_b1.0_d0.65_μ0.2_ρInf_2d_id5357.csv;0.2736318407960199
10000;1.0;0.65;0.2;Inf;2;8682;C:/Users/Arman Angaji/OneDrive - Universität zu Köln/Dokumente/Uni-Köln/Masterarbeit/Workspace/Julia_Master/MasterProject_Julia/simulated_tumors/2d/bulk\tumor_N10000_b1.0_d0.65_μ0.2_ρInf_2d_id8682.csv;0.2898550724637681
10000;1.0;0.65;0.2;Inf;2;8870;C:/Users/Arman Angaji/OneDrive - Universität zu Köln/Dokumente/Uni-Köln/Masterarbeit/Workspace/Julia_Master/MasterProject_Julia/simulated_tumors/2d/bulk\tumor_N10000_b1.0_d0.65_μ0.2_ρInf_2d_id8870.csv;0.3163265306122449
10000;1.0;0.6;0.2;Inf;2;1048;C:/Users/Arman Angaji/OneDrive - Universität zu Köln/Dokumente/Uni-Köln/Masterarbeit/Workspace/Julia_Master/MasterProject_Julia/simulated_tumors/2d/bulk\tumor_N10000_b1.0_d0.6_μ0.2_ρInf_2d_id1048.csv;0.18652849740932642
10000;1.0;0.6;0.2;Inf;2;2366;C:/Users/Arman Angaji/OneDrive - Universität zu Köln/Dokumente/Uni-Köln/Masterarbeit/Workspace/Julia_Master/MasterProject_Julia/simulated_tumors/2d/bulk\tumor_N10000_b1.0_d0.6_μ0.2_ρInf_2d_id2366.csv;0.1676300578034682
10000;1.0;0.6;0.2;Inf;2;2774;C:/Users/Arman Angaji/OneDrive - Universität zu Köln/Dokumente/Uni-Köln/Masterarbeit/Workspace/Julia_Master/MasterProject_Julia/simulated_tumors/2d/bulk\tumor_N10000_b1.0_d0.6_μ0.2_ρInf_2d_id2774.csv;0.18181818181818182
10000;1.0;0.6;0.2;Inf;2;3228;C:/Users/Arman Angaji/OneDrive - Universität zu Köln/Dokumente/Uni-Köln/Masterarbeit/Workspace/Julia_Master/MasterProject_Julia/simulated_tumors/2d/bulk\tumor_N10000_b1.0_d0.6_μ0.2_ρInf_2d_id3228.csv;0.21710526315789475
10000;1.0;0.6;0.2;Inf;2;3606;C:/Users/Arman Angaji/OneDrive - Universität zu Köln/Dokumente/Uni-Köln/Masterarbeit/Workspace/Julia_Master/MasterProject_Julia/simulated_tumors/2d/bulk\tumor_N10000_b1.0_d0.6_μ0.2_ρInf_2d_id3606.csv;0.16022099447513813
10000;1.0;0.6;0.2;Inf;2;4254;C:/Users/Arman Angaji/OneDrive - Universität zu Köln/Dokumente/Uni-Köln/Masterarbeit/Workspace/Julia_Master/MasterProject_Julia/simulated_tumors/2d/bulk\tumor_N10000_b1.0_d0.6_μ0.2_ρInf_2d_id4254.csv;0.1989247311827957
10000;1.0;0.6;0.2;Inf;2;4287;C:/Users/Arman Angaji/OneDrive - Universität zu Köln/Dokumente/Uni-Köln/Masterarbeit/Workspace/Julia_Master/MasterProject_Julia/simulated_tumors/2d/bulk\tumor_N10000_b1.0_d0.6_μ0.2_ρInf_2d_id4287.csv;0.19626168224299065
10000;1.0;0.6;0.2;Inf;2;4494;C:/Users/Arman Angaji/OneDrive - Universität zu Köln/Dokumente/Uni-Köln/Masterarbeit/Workspace/Julia_Master/MasterProject_Julia/simulated_tumors/2d/bulk\tumor_N10000_b1.0_d0.6_μ0.2_ρInf_2d_id4494.csv;0.23204419889502761
10000;1.0;0.6;0.2;Inf;2;6105;C:/Users/Arman Angaji/OneDrive - Universität zu Köln/Dokumente/Uni-Köln/Masterarbeit/Workspace/Julia_Master/MasterProject_Julia/simulated_tumors/2d/bulk\tumor_N10000_b1.0_d0.6_μ0.2_ρInf_2d_id6105.csv;0.2
10000;1.0;0.6;0.2;Inf;2;7110;C:/Users/Arman Angaji/OneDrive - Universität zu Köln/Dokumente/Uni-Köln/Masterarbeit/Workspace/Julia_Master/MasterProject_Julia/simulated_tumors/2d/bulk\tumor_N10000_b1.0_d0.6_μ0.2_ρInf_2d_id7110.csv;0.1945945945945946
10000;1.0;0.75;0.2;Inf;2;2917;C:/Users/Arman Angaji/OneDrive - Universität zu Köln/Dokumente/Uni-Köln/Masterarbeit/Workspace/Julia_Master/MasterProject_Julia/simulated_tumors/2d/bulk\tumor_N10000_b1.0_d0.75_μ0.2_ρInf_2d_id2917.csv;0.44052863436123346
10000;1.0;0.75;0.2;Inf;2;3584;C:/Users/Arman Angaji/OneDrive - Universität zu Köln/Dokumente/Uni-Köln/Masterarbeit/Workspace/Julia_Master/MasterProject_Julia/simulated_tumors/2d/bulk\tumor_N10000_b1.0_d0.75_μ0.2_ρInf_2d_id3584.csv;0.4688995215311005
10000;1.0;0.75;0.2;Inf;2;4078;C:/Users/Arman Angaji/OneDrive - Universität zu Köln/Dokumente/Uni-Köln/Masterarbeit/Workspace/Julia_Master/MasterProject_Julia/simulated_tumors/2d/bulk\tumor_N10000_b1.0_d0.75_μ0.2_ρInf_2d_id4078.csv;0.41743119266055045
10000;1.0;0.75;0.2;Inf;2;5319;C:/Users/Arman Angaji/OneDrive - Universität zu Köln/Dokumente/Uni-Köln/Masterarbeit/Workspace/Julia_Master/MasterProject_Julia/simulated_tumors/2d/bulk\tumor_N10000_b1.0_d0.75_μ0.2_ρInf_2d_id5319.csv;0.40336134453781514
10000;1.0;0.75;0.2;Inf;2;7002;C:/Users/Arman Angaji/OneDrive - Universität zu Köln/Dokumente/Uni-Köln/Masterarbeit/Workspace/Julia_Master/MasterProject_Julia/simulated_tumors/2d/bulk\tumor_N10000_b1.0_d0.75_μ0.2_ρInf_2d_id7002.csv;0.37209302325581395
10000;1.0;0.75;0.2;Inf;2;8819;C:/Users/Arman Angaji/OneDrive - Universität zu Köln/Dokumente/Uni-Köln/Masterarbeit/Workspace/Julia_Master/MasterProject_Julia/simulated_tumors/2d/bulk\tumor_N10000_b1.0_d0.75_μ0.2_ρInf_2d_id8819.csv;0.40930232558139534
10000;1.0;0.75;0.2;Inf;2;9151;C:/Users/Arman Angaji/OneDrive - Universität zu Köln/Dokumente/Uni-Köln/Masterarbeit/Workspace/Julia_Master/MasterProject_Julia/simulated_tumors/2d/bulk\tumor_N10000_b1.0_d0.75_μ0.2_ρInf_2d_id9151.csv;0.46638655462184875
10000;1.0;0.75;0.2;Inf;2;9463;C:/Users/Arman Angaji/OneDrive - Universität zu Köln/Dokumente/Uni-Köln/Masterarbeit/Workspace/Julia_Master/MasterProject_Julia/simulated_tumors/2d/bulk\tumor_N10000_b1.0_d0.75_μ0.2_ρInf_2d_id9463.csv;0.30180180180180183
10000;1.0;0.75;0.2;Inf;2;9599;C:/Users/Arman Angaji/OneDrive - Universität zu Köln/Dokumente/Uni-Köln/Masterarbeit/Workspace/Julia_Master/MasterProject_Julia/simulated_tumors/2d/bulk\tumor_N10000_b1.0_d0.75_μ0.2_ρInf_2d_id9599.csv;0.4100418410041841
10000;1.0;0.75;0.2;Inf;2;9901;C:/Users/Arman Angaji/OneDrive - Universität zu Köln/Dokumente/Uni-Köln/Masterarbeit/Workspace/Julia_Master/MasterProject_Julia/simulated_tumors/2d/bulk\tumor_N10000_b1.0_d0.75_μ0.2_ρInf_2d_id9901.csv;0.4460093896713615
10000;1.0;0.7;0.2;Inf;2;2896;C:/Users/Arman Angaji/OneDrive - Universität zu Köln/Dokumente/Uni-Köln/Masterarbeit/Workspace/Julia_Master/MasterProject_Julia/simulated_tumors/2d/bulk\tumor_N10000_b1.0_d0.7_μ0.2_ρInf_2d_id2896.csv;0.34285714285714286
10000;1.0;0.7;0.2;Inf;2;3458;C:/Users/Arman Angaji/OneDrive - Universität zu Köln/Dokumente/Uni-Köln/Masterarbeit/Workspace/Julia_Master/MasterProject_Julia/simulated_tumors/2d/bulk\tumor_N10000_b1.0_d0.7_μ0.2_ρInf_2d_id3458.csv;0.26244343891402716
10000;1.0;0.7;0.2;Inf;2;3565;C:/Users/Arman Angaji/OneDrive - Universität zu Köln/Dokumente/Uni-Köln/Masterarbeit/Workspace/Julia_Master/MasterProject_Julia/simulated_tumors/2d/bulk\tumor_N10000_b1.0_d0.7_μ0.2_ρInf_2d_id3565.csv;0.38636363636363635
10000;1.0;0.7;0.2;Inf;2;3882;C:/Users/Arman Angaji/OneDrive - Universität zu Köln/Dokumente/Uni-Köln/Masterarbeit/Workspace/Julia_Master/MasterProject_Julia/simulated_tumors/2d/bulk\tumor_N10000_b1.0_d0.7_μ0.2_ρInf_2d_id3882.csv;0.3382352941176471
10000;1.0;0.7;0.2;Inf;2;4896;C:/Users/Arman Angaji/OneDrive - Universität zu Köln/Dokumente/Uni-Köln/Masterarbeit/Workspace/Julia_Master/MasterProject_Julia/simulated_tumors/2d/bulk\tumor_N10000_b1.0_d0.7_μ0.2_ρInf_2d_id4896.csv;0.27802690582959644
10000;1.0;0.7;0.2;Inf;2;6028;C:/Users/Arman Angaji/OneDrive - Universität zu Köln/Dokumente/Uni-Köln/Masterarbeit/Workspace/Julia_Master/MasterProject_Julia/simulated_tumors/2d/bulk\tumor_N10000_b1.0_d0.7_μ0.2_ρInf_2d_id6028.csv;0.3490566037735849
10000;1.0;0.7;0.2;Inf;2;6162;C:/Users/Arman Angaji/OneDrive - Universität zu Köln/Dokumente/Uni-Köln/Masterarbeit/Workspace/Julia_Master/MasterProject_Julia/simulated_tumors/2d/bulk\tumor_N10000_b1.0_d0.7_μ0.2_ρInf_2d_id6162.csv;0.2358490566037736
10000;1.0;0.7;0.2;Inf;2;7992;C:/Users/Arman Angaji/OneDrive - Universität zu Köln/Dokumente/Uni-Köln/Masterarbeit/Workspace/Julia_Master/MasterProject_Julia/simulated_tumors/2d/bulk\tumor_N10000_b1.0_d0.7_μ0.2_ρInf_2d_id7992.csv;0.30288461538461536
10000;1.0;0.7;0.2;Inf;2;8647;C:/Users/Arman Angaji/OneDrive - Universität zu Köln/Dokumente/Uni-Köln/Masterarbeit/Workspace/Julia_Master/MasterProject_Julia/simulated_tumors/2d/bulk\tumor_N10000_b1.0_d0.7_μ0.2_ρInf_2d_id8647.csv;0.41237113402061853
10000;1.0;0.7;0.2;Inf;2;8754;C:/Users/Arman Angaji/OneDrive - Universität zu Köln/Dokumente/Uni-Köln/Masterarbeit/Workspace/Julia_Master/MasterProject_Julia/simulated_tumors/2d/bulk\tumor_N10000_b1.0_d0.7_μ0.2_ρInf_2d_id8754.csv;0.36585365853658536
10000;1.0;0.85;0.2;Inf;2;2215;C:/Users/Arman Angaji/OneDrive - Universität zu Köln/Dokumente/Uni-Köln/Masterarbeit/Workspace/Julia_Master/MasterProject_Julia/simulated_tumors/2d/bulk\tumor_N10000_b1.0_d0.85_μ0.2_ρInf_2d_id2215.csv;0.5949367088607594
10000;1.0;0.85;0.2;Inf;2;4078;C:/Users/Arman Angaji/OneDrive - Universität zu Köln/Dokumente/Uni-Köln/Masterarbeit/Workspace/Julia_Master/MasterProject_Julia/simulated_tumors/2d/bulk\tumor_N10000_b1.0_d0.85_μ0.2_ρInf_2d_id4078.csv;0.5965665236051502
10000;1.0;0.85;0.2;Inf;2;4661;C:/Users/Arman Angaji/OneDrive - Universität zu Köln/Dokumente/Uni-Köln/Masterarbeit/Workspace/Julia_Master/MasterProject_Julia/simulated_tumors/2d/bulk\tumor_N10000_b1.0_d0.85_μ0.2_ρInf_2d_id4661.csv;0.5930735930735931
10000;1.0;0.85;0.2;Inf;2;6345;C:/Users/Arman Angaji/OneDrive - Universität zu Köln/Dokumente/Uni-Köln/Masterarbeit/Workspace/Julia_Master/MasterProject_Julia/simulated_tumors/2d/bulk\tumor_N10000_b1.0_d0.85_μ0.2_ρInf_2d_id6345.csv;0.6104417670682731
10000;1.0;0.85;0.2;Inf;2;7191;C:/Users/Arman Angaji/OneDrive - Universität zu Köln/Dokumente/Uni-Köln/Masterarbeit/Workspace/Julia_Master/MasterProject_Julia/simulated_tumors/2d/bulk\tumor_N10000_b1.0_d0.85_μ0.2_ρInf_2d_id7191.csv;0.6395348837209303
10000;1.0;0.85;0.2;Inf;2;7626;C:/Users/Arman Angaji/OneDrive - Universität zu Köln/Dokumente/Uni-Köln/Masterarbeit/Workspace/Julia_Master/MasterProject_Julia/simulated_tumors/2d/bulk\tumor_N10000_b1.0_d0.85_μ0.2_ρInf_2d_id7626.csv;0.5991902834008097
10000;1.0;0.85;0.2;Inf;2;7670;C:/Users/Arman Angaji/OneDrive - Universität zu Köln/Dokumente/Uni-Köln/Masterarbeit/Workspace/Julia_Master/MasterProject_Julia/simulated_tumors/2d/bulk\tumor_N10000_b1.0_d0.85_μ0.2_ρInf_2d_id7670.csv;0.606694560669456
10000;1.0;0.85;0.2;Inf;2;8261;C:/Users/Arman Angaji/OneDrive - Universität zu Köln/Dokumente/Uni-Köln/Masterarbeit/Workspace/Julia_Master/MasterProject_Julia/simulated_tumors/2d/bulk\tumor_N10000_b1.0_d0.85_μ0.2_ρInf_2d_id8261.csv;0.5809128630705395
10000;1.0;0.85;0.2;Inf;2;8571;C:/Users/Arman Angaji/OneDrive - Universität zu Köln/Dokumente/Uni-Köln/Masterarbeit/Workspace/Julia_Master/MasterProject_Julia/simulated_tumors/2d/bulk\tumor_N10000_b1.0_d0.85_μ0.2_ρInf_2d_id8571.csv;0.5669291338582677
10000;1.0;0.85;0.2;Inf;2;8583;C:/Users/Arman Angaji/OneDrive - Universität zu Köln/Dokumente/Uni-Köln/Masterarbeit/Workspace/Julia_Master/MasterProject_Julia/simulated_tumors/2d/bulk\tumor_N10000_b1.0_d0.85_μ0.2_ρInf_2d_id8583.csv;0.6049382716049383
10000;1.0;0.8;0.2;Inf;2;1768;C:/Users/Arman Angaji/OneDrive - Universität zu Köln/Dokumente/Uni-Köln/Masterarbeit/Workspace/Julia_Master/MasterProject_Julia/simulated_tumors/2d/bulk\tumor_N10000_b1.0_d0.8_μ0.2_ρInf_2d_id1768.csv;0.4497816593886463
10000;1.0;0.8;0.2;Inf;2;1901;C:/Users/Arman Angaji/OneDrive - Universität zu Köln/Dokumente/Uni-Köln/Masterarbeit/Workspace/Julia_Master/MasterProject_Julia/simulated_tumors/2d/bulk\tumor_N10000_b1.0_d0.8_μ0.2_ρInf_2d_id1901.csv;0.4448818897637795
10000;1.0;0.8;0.2;Inf;2;3012;C:/Users/Arman Angaji/OneDrive - Universität zu Köln/Dokumente/Uni-Köln/Masterarbeit/Workspace/Julia_Master/MasterProject_Julia/simulated_tumors/2d/bulk\tumor_N10000_b1.0_d0.8_μ0.2_ρInf_2d_id3012.csv;0.5112107623318386
10000;1.0;0.8;0.2;Inf;2;4060;C:/Users/Arman Angaji/OneDrive - Universität zu Köln/Dokumente/Uni-Köln/Masterarbeit/Workspace/Julia_Master/MasterProject_Julia/simulated_tumors/2d/bulk\tumor_N10000_b1.0_d0.8_μ0.2_ρInf_2d_id4060.csv;0.44933920704845814
10000;1.0;0.8;0.2;Inf;2;4261;C:/Users/Arman Angaji/OneDrive - Universität zu Köln/Dokumente/Uni-Köln/Masterarbeit/Workspace/Julia_Master/MasterProject_Julia/simulated_tumors/2d/bulk\tumor_N10000_b1.0_d0.8_μ0.2_ρInf_2d_id4261.csv;0.5301724137931034
10000;1.0;0.8;0.2;Inf;2;4476;C:/Users/Arman Angaji/OneDrive - Universität zu Köln/Dokumente/Uni-Köln/Masterarbeit/Workspace/Julia_Master/MasterProject_Julia/simulated_tumors/2d/bulk\tumor_N10000_b1.0_d0.8_μ0.2_ρInf_2d_id4476.csv;0.5309734513274337
10000;1.0;0.8;0.2;Inf;2;4588;C:/Users/Arman Angaji/OneDrive - Universität zu Köln/Dokumente/Uni-Köln/Masterarbeit/Workspace/Julia_Master/MasterProject_Julia/simulated_tumors/2d/bulk\tumor_N10000_b1.0_d0.8_μ0.2_ρInf_2d_id4588.csv;0.5082644628099173
10000;1.0;0.8;0.2;Inf;2;5467;C:/Users/Arman Angaji/OneDrive - Universität zu Köln/Dokumente/Uni-Köln/Masterarbeit/Workspace/Julia_Master/MasterProject_Julia/simulated_tumors/2d/bulk\tumor_N10000_b1.0_d0.8_μ0.2_ρInf_2d_id5467.csv;0.5161290322580645
10000;1.0;0.8;0.2;Inf;2;5675;C:/Users/Arman Angaji/OneDrive - Universität zu Köln/Dokumente/Uni-Köln/Masterarbeit/Workspace/Julia_Master/MasterProject_Julia/simulated_tumors/2d/bulk\tumor_N10000_b1.0_d0.8_μ0.2_ρInf_2d_id5675.csv;0.448
10000;1.0;0.8;0.2;Inf;2;5863;C:/Users/Arman Angaji/OneDrive - Universität zu Köln/Dokumente/Uni-Köln/Masterarbeit/Workspace/Julia_Master/MasterProject_Julia/simulated_tumors/2d/bulk\tumor_N10000_b1.0_d0.8_μ0.2_ρInf_2d_id5863.csv;0.466403162055336
10000;1.0;0.95;0.2;Inf;2;1935;C:/Users/Arman Angaji/OneDrive - Universität zu Köln/Dokumente/Uni-Köln/Masterarbeit/Workspace/Julia_Master/MasterProject_Julia/simulated_tumors/2d/bulk\tumor_N10000_b1.0_d0.95_μ0.2_ρInf_2d_id1935.csv;0.8117154811715481
10000;1.0;0.95;0.2;Inf;2;4261;C:/Users/Arman Angaji/OneDrive - Universität zu Köln/Dokumente/Uni-Köln/Masterarbeit/Workspace/Julia_Master/MasterProject_Julia/simulated_tumors/2d/bulk\tumor_N10000_b1.0_d0.95_μ0.2_ρInf_2d_id4261.csv;0.8251121076233184
10000;1.0;0.95;0.2;Inf;2;4489;C:/Users/Arman Angaji/OneDrive - Universität zu Köln/Dokumente/Uni-Köln/Masterarbeit/Workspace/Julia_Master/MasterProject_Julia/simulated_tumors/2d/bulk\tumor_N10000_b1.0_d0.95_μ0.2_ρInf_2d_id4489.csv;0.8356164383561644
10000;1.0;0.95;0.2;Inf;2;4788;C:/Users/Arman Angaji/OneDrive - Universität zu Köln/Dokumente/Uni-Köln/Masterarbeit/Workspace/Julia_Master/MasterProject_Julia/simulated_tumors/2d/bulk\tumor_N10000_b1.0_d0.95_μ0.2_ρInf_2d_id4788.csv;0.7763713080168776
10000;1.0;0.95;0.2;Inf;2;5789;C:/Users/Arman Angaji/OneDrive - Universität zu Köln/Dokumente/Uni-Köln/Masterarbeit/Workspace/Julia_Master/MasterProject_Julia/simulated_tumors/2d/bulk\tumor_N10000_b1.0_d0.95_μ0.2_ρInf_2d_id5789.csv;0.7899543378995434
10000;1.0;0.95;0.2;Inf;2;7310;C:/Users/Arman Angaji/OneDrive - Universität zu Köln/Dokumente/Uni-Köln/Masterarbeit/Workspace/Julia_Master/MasterProject_Julia/simulated_tumors/2d/bulk\tumor_N10000_b1.0_d0.95_μ0.2_ρInf_2d_id7310.csv;0.8847926267281107
10000;1.0;0.95;0.2;Inf;2;7454;C:/Users/Arman Angaji/OneDrive - Universität zu Köln/Dokumente/Uni-Köln/Masterarbeit/Workspace/Julia_Master/MasterProject_Julia/simulated_tumors/2d/bulk\tumor_N10000_b1.0_d0.95_μ0.2_ρInf_2d_id7454.csv;0.7641921397379913
10000;1.0;0.95;0.2;Inf;2;7680;C:/Users/Arman Angaji/OneDrive - Universität zu Köln/Dokumente/Uni-Köln/Masterarbeit/Workspace/Julia_Master/MasterProject_Julia/simulated_tumors/2d/bulk\tumor_N10000_b1.0_d0.95_μ0.2_ρInf_2d_id7680.csv;0.7991071428571429
10000;1.0;0.95;0.2;Inf;2;7724;C:/Users/Arman Angaji/OneDrive - Universität zu Köln/Dokumente/Uni-Köln/Masterarbeit/Workspace/Julia_Master/MasterProject_Julia/simulated_tumors/2d/bulk\tumor_N10000_b1.0_d0.95_μ0.2_ρInf_2d_id7724.csv;0.8017241379310345
10000;1.0;0.95;0.2;Inf;2;7885;C:/Users/Arman Angaji/OneDrive - Universität zu Köln/Dokumente/Uni-Köln/Masterarbeit/Workspace/Julia_Master/MasterProject_Julia/simulated_tumors/2d/bulk\tumor_N10000_b1.0_d0.95_μ0.2_ρInf_2d_id7885.csv;0.7695652173913043
10000;1.0;0.9;0.2;Inf;2;4129;C:/Users/Arman Angaji/OneDrive - Universität zu Köln/Dokumente/Uni-Köln/Masterarbeit/Workspace/Julia_Master/MasterProject_Julia/simulated_tumors/2d/bulk\tumor_N10000_b1.0_d0.9_μ0.2_ρInf_2d_id4129.csv;0.7044534412955465
10000;1.0;0.9;0.2;Inf;2;4486;C:/Users/Arman Angaji/OneDrive - Universität zu Köln/Dokumente/Uni-Köln/Masterarbeit/Workspace/Julia_Master/MasterProject_Julia/simulated_tumors/2d/bulk\tumor_N10000_b1.0_d0.9_μ0.2_ρInf_2d_id4486.csv;0.6468253968253969
10000;1.0;0.9;0.2;Inf;2;5261;C:/Users/Arman Angaji/OneDrive - Universität zu Köln/Dokumente/Uni-Köln/Masterarbeit/Workspace/Julia_Master/MasterProject_Julia/simulated_tumors/2d/bulk\tumor_N10000_b1.0_d0.9_μ0.2_ρInf_2d_id5261.csv;0.6938775510204082
10000;1.0;0.9;0.2;Inf;2;5926;C:/Users/Arman Angaji/OneDrive - Universität zu Köln/Dokumente/Uni-Köln/Masterarbeit/Workspace/Julia_Master/MasterProject_Julia/simulated_tumors/2d/bulk\tumor_N10000_b1.0_d0.9_μ0.2_ρInf_2d_id5926.csv;0.6877637130801688
10000;1.0;0.9;0.2;Inf;2;6080;C:/Users/Arman Angaji/OneDrive - Universität zu Köln/Dokumente/Uni-Köln/Masterarbeit/Workspace/Julia_Master/MasterProject_Julia/simulated_tumors/2d/bulk\tumor_N10000_b1.0_d0.9_μ0.2_ρInf_2d_id6080.csv;0.7183673469387755
10000;1.0;0.9;0.2;Inf;2;6785;C:/Users/Arman Angaji/OneDrive - Universität zu Köln/Dokumente/Uni-Köln/Masterarbeit/Workspace/Julia_Master/MasterProject_Julia/simulated_tumors/2d/bulk\tumor_N10000_b1.0_d0.9_μ0.2_ρInf_2d_id6785.csv;0.6991869918699187
10000;1.0;0.9;0.2;Inf;2;7973;C:/Users/Arman Angaji/OneDrive - Universität zu Köln/Dokumente/Uni-Köln/Masterarbeit/Workspace/Julia_Master/MasterProject_Julia/simulated_tumors/2d/bulk\tumor_N10000_b1.0_d0.9_μ0.2_ρInf_2d_id7973.csv;0.717948717948718
10000;1.0;0.9;0.2;Inf;2;8808;C:/Users/Arman Angaji/OneDrive - Universität zu Köln/Dokumente/Uni-Köln/Masterarbeit/Workspace/Julia_Master/MasterProject_Julia/simulated_tumors/2d/bulk\tumor_N10000_b1.0_d0.9_μ0.2_ρInf_2d_id8808.csv;0.6653846153846154
10000;1.0;0.9;0.2;Inf;2;9494;C:/Users/Arman Angaji/OneDrive - Universität zu Köln/Dokumente/Uni-Köln/Masterarbeit/Workspace/Julia_Master/MasterProject_Julia/simulated_tumors/2d/bulk\tumor_N10000_b1.0_d0.9_μ0.2_ρInf_2d_id9494.csv;0.6795366795366795
10000;1.0;0.9;0.2;Inf;2;9693;C:/Users/Arman Angaji/OneDrive - Universität zu Köln/Dokumente/Uni-Köln/Masterarbeit/Workspace/Julia_Master/MasterProject_Julia/simulated_tumors/2d/bulk\tumor_N10000_b1.0_d0.9_μ0.2_ρInf_2d_id9693.csv;0.6666666666666666
